{
  "generated_at": "2026-06-04 10:44:33",
  "current_upsi": -0.02081226369005382,
  "upsi_status": "⚠️ 关注",
  "alert_assets": [
    [
      "VIX",
      -0.959786933465886
    ],
    [
      "BR.BVSP",
      -0.85703140887619
    ],
    [
      "GOLD",
      -0.6013774285626666
    ]
  ],
  "jin10_sentiment": 0,
  "jin10_count": 0,
  "asset_psi": {
    "US.SP500": -0.323,
    "JP.N225": 0.184,
    "CA.TSX": -0.144,
    "UK.FTSE": -0.079,
    "DE.DAX": 0.263,
    "HK.HSI": 0.171,
    "BR.BVSP": -0.857,
    "AR.MERVAL": 0.184,
    "TR.XU100": 0.684,
    "AU.ASX": 0.591,
    "FR.CAC": 0.383,
    "IN.NIFTY": -0.118,
    "RU.IMOEX": -0.241,
    "USDJPY": -0.385,
    "EURUSD": -0.037,
    "GBPUSD": 0.442,
    "US.10Y": 0.295,
    "GOLD": -0.601,
    "OIL.WTI": 0.13,
    "VIX": -0.96
  },
  "upsi_series": [
    0.04,
    -0.018,
    -0.092,
    -0.09,
    -0.063,
    -0.139,
    -0.149,
    -0.146,
    -0.124,
    -0.103,
    -0.059,
    -0.054,
    -0.126,
    -0.118,
    -0.016,
    0.026,
    0.069,
    0.066,
    0.08,
    0.007,
    0.037,
    0.053,
    0.103,
    0.01,
    -0.029,
    -0.1,
    -0.125,
    -0.166,
    -0.116,
    -0.137,
    -0.184,
    -0.089,
    -0.025,
    -0.072,
    -0.086,
    -0.031,
    -0.035,
    -0.081,
    -0.099,
    -0.009,
    0.033,
    0.034,
    0.08,
    0.09,
    0.075,
    0.065,
    0.103,
    0.084,
    0.107,
    0.051,
    0.011,
    0.005,
    0.027,
    0.031,
    -0.042,
    -0.08,
    -0.126,
    -0.185,
    -0.211,
    -0.189,
    -0.172,
    -0.14,
    -0.122,
    -0.092,
    -0.051,
    -0.041,
    0.004,
    -0.022,
    0.003,
    -0.018,
    0.011,
    0.019,
    -0.002,
    0.033,
    -0.029,
    -0.076,
    -0.114,
    -0.119,
    -0.135,
    -0.139,
    -0.134,
    -0.156,
    -0.15,
    -0.156,
    -0.111,
    -0.104,
    -0.123,
    -0.112,
    -0.086,
    -0.053,
    -0.06,
    -0.026,
    0.01,
    0.027,
    -0.012,
    -0.056,
    -0.058,
    -0.099,
    -0.123,
    -0.107,
    -0.038,
    -0.087,
    -0.082,
    -0.064,
    -0.061,
    -0.07,
    -0.158,
    -0.035,
    0.016,
    0.075,
    0.06,
    0.132,
    0.239,
    0.249,
    0.19,
    0.145,
    0.241,
    0.252,
    0.284,
    0.242,
    0.287,
    0.288,
    0.29,
    0.281,
    0.246,
    0.237,
    0.213,
    0.073,
    0.043,
    0.093,
    -0.043,
    -0.178,
    -0.16,
    -0.045,
    -0.083,
    -0.106,
    -0.052,
    -0.011,
    -0.065,
    0.011,
    -0.016,
    -0.032,
    -0.0,
    0.045,
    0.085,
    0.133,
    0.146,
    0.187,
    0.231,
    0.234,
    0.291,
    0.269,
    0.249,
    0.415,
    0.398,
    0.387,
    0.356,
    0.372,
    0.299,
    0.234,
    0.164,
    0.05,
    -0.001,
    -0.062,
    -0.118,
    -0.199,
    -0.257,
    -0.253,
    -0.181,
    -0.195,
    -0.154,
    -0.049,
    -0.031,
    -0.092,
    -0.084,
    -0.021,
    -0.078,
    -0.091,
    -0.104,
    -0.125,
    -0.079,
    -0.055,
    -0.053,
    -0.001,
    0.081,
    0.013,
    0.011,
    0.008,
    0.031,
    -0.085,
    0.011,
    -0.021
  ]
}